1|Milan|Milenic|12-12-2004|61000111|mmilenic@gmail.com|2023|S|0|Svetozara Markovica|14|Beograd|Srbija|EE|100|2023
4|Petar|Petrovic|01-01-2003|66111222|ppetrovic@gmail.com|2023|S|0|Dositeja Obradovica|4|Banja Luka|Republika Srpska|PSI|10|2022
5|ds|ds|12-12-2000|0651233451|mima@gm|20|S|0|ds|3a|ci|fr|ra|45|2021
7|Deenris|Targerian|01-01-0001|0651231231|deneris@gmail.com|2021|B|0||||||0|0
8|sapso|asdfsf|01-01-0001|0651231231|asdf|0|B|0||||||0|0
9|deneris|Targerijan|01-01-0001|0641231231|asdf@gmail.com|2021|B|0|qwe|3|qawe|asd|rr|45|2021
10|DZON SNOV|TARGERIJAN|01-01-0001|0635435432|maskda|2000|B|0||||||0|0
11|gdfgd|gdfgdf|01-01-0001|0653453452|aSD|2020|B|0||||||0|0
12|sfasdf|adfsdf|01-01-0001|0642342341|mima@gmail.com|2023|S|0||||||0|0
13|Zeka|ZEKAPravi|01-01-0001|0656665554|telepnemanja@gmail.com|4|S|0|asd|33|ADRESA|asdasd|INDECf|44|2021
14|1|1|01-01-0001|1|1|1|S|0|1|1|1|1|1|1|1
15|aa|aa|11-11-1111|0656788989|ee|1|S|0|a|1|1|1|1|1|1
16|1|1|11-11-1111|0676767888|1|1|S|0|1|1|1|1|1|1|1
17|editovani student2|PREZIME EDITOVANOG|11-11-2011|0655675675|erg@|2023|S|0|sdf|6|dffffff|ffffff|rr|45|2021
19|1|1|01-01-0001|0676788888|1|1|B|0|1|1|1|1|1|1|1
21|EDITOVANI STUDENT|EditovanoPrezimeeee|01-01-0001|0678989000|1|20|B|0|1|1|1|1|1|10|1
22|StudentEdit|PrezimeEdit|01-01-0001|0651231231|email@emailedit.com|2020|S|0|AdresaEdit|222222|GradEdit|DrzavaEdit|SIT|20|22020
23|hhhhhhh|wwwwwwwwwwwwwwwww|01-01-0001|0656786789|QQQQQ|2|B|0|jjj|66|sdcs|sdcs|aaa|33|2020
24|11|BB|01-01-0001|0654564567|AAA@aa|2020|S|0|CC|qw|DFSDF|555|SDFSD|55|2020
25|IMEEEEEEEEEEE|1|01-01-0001|0677657654|1|1|B|0|1|1|1|1|1|1|1
